feature,transaction_count,total_revenue,success_rate
Bill Payment,1940,72600.57,75.72164948453607
Investments,2026,75569.82999999999,76.45607107601184
Money Transfer,2019,78004.16,75.73055968301139
QR Scan,2020,73600.69,74.8019801980198
Top-up,1995,73656.88,75.13784461152882
